{"Loss": 0.369683176279068, "Log-Loss": 951.1666870117188, "SRE": 13.353295775533766, "var": 0.05609309400908546, "logSRE": 0.009308109862425652, "_timestamp": 1709192765.5965438, "_runtime": 193.60389184951782, "_step": 3870, "_wandb": {"runtime": 193}}