{"Loss": 0.045886702835559845, "Log-Loss": 51.81807327270508, "SRE": 0.19687360125172187, "var": 0.010019905909934824, "logSRE": 0.002004665572677857, "_timestamp": 1709219336.4893384, "_runtime": 490.73545241355896, "_step": 9687, "_wandb": {"runtime": 490}}