{"Loss": 0.05131712928414345, "Log-Loss": 60.61484909057617, "SRE": 0.161176050613922, "var": 0.0009334522180431774, "logSRE": 0.0023729187198544477, "_timestamp": 1709192200.864609, "_runtime": 992.7718620300293, "_step": 20000, "_wandb": {"runtime": 992}}