{"Loss": 2082.817626953125, "SRE": 293.1632194041426, "var": 0.008336097246357628, "_timestamp": 1709157047.2994032, "_runtime": 294.09617614746094, "_step": 1616, "_wandb": {"runtime": 293}}