{"Loss": 104.58552551269531, "Log-Loss": 4261.4501953125, "SRE": 130.9579462128068, "var": 1931.687416942201, "logSRE": 0.024582364656180244, "_timestamp": 1709230641.7569685, "_runtime": 36.66276955604553, "_step": 701, "_wandb": {"runtime": 36}}