{"Loss": 0.02175465226173401, "Log-Loss": 28.41432762145996, "SRE": 0.2163269169116608, "var": 0.0007945988782426248, "logSRE": 0.002022227933824375, "_timestamp": 1709218830.972791, "_runtime": 1222.3664309978485, "_step": 23785, "_wandb": {"runtime": 1222}}