{"Loss": 0.04130768030881882, "Log-Loss": 43.03142166137695, "SRE": 0.1637805448277483, "var": 0.0014742075906731258, "logSRE": 0.003344167535322553, "_timestamp": 1709170511.2001393, "_runtime": 2952.8751752376556, "_step": 20000, "_wandb": {"runtime": 2952}}