{"Loss": 0.04342179000377655, "Log-Loss": 48.70274353027344, "SRE": 0.17669944849274447, "var": 0.0025598248895917623, "logSRE": 0.0021886202775272, "_timestamp": 1709221989.5799594, "_runtime": 602.7134494781494, "_step": 12000, "_wandb": {"runtime": 602}}