{"Loss": 0.35155200958251953, "Log-Loss": 973.1288452148438, "SRE": 248.18231981495947, "var": 7008.979533311426, "logSRE": 0.015366205996049577, "_timestamp": 1709223954.4410813, "_runtime": 29.149271249771118, "_step": 553}