{"Log-Loss": 5.549241542816162, "SRE": 10.127408261788148, "var": 0.0006787427764900713, "_timestamp": 1709234286.1155179, "_runtime": 2969.6651208400726, "_step": 59178}