{"Loss": 0.040618352591991425, "Log-Loss": 86.01585388183594, "SRE": 0.32608883285870655, "var": 0.004755174272740949, "logSRE": 0.0020727891217553526, "_timestamp": 1709220253.6189697, "_runtime": 886.9323527812958, "_step": 17215}