{"Loss": 0.003445400856435299, "Log-Loss": 8.476815223693848, "SRE": 0.13033263134435574, "var": 2.5913669851201448e-05, "logSRE": 0.001878411044909648, "_timestamp": 1709196566.018647, "_runtime": 3742.833044052124, "_step": 69999, "_wandb": {"runtime": 3742}}