{"Loss": 0.11876040697097778, "Log-Loss": 173.7577362060547, "SRE": 0.313159981213489, "var": 0.0011665391237063991, "logSRE": 0.0038172613626044167, "_timestamp": 1709222850.147782, "_runtime": 276.94753408432007, "_step": 5489, "_wandb": {"runtime": 276}}