{"Loss": 0.054316528141498566, "Log-Loss": 150.9253692626953, "SRE": 0.12657583397946734, "var": 109.84452622907556, "logSRE": 0.001429575708774364, "_timestamp": 1709167399.0226696, "_runtime": 1831.3228034973145, "_step": 14858, "_wandb": {"runtime": 1830}}