{"Loss": 1.4703639863000717e-05, "Log-Loss": 0.0371834896504879, "SRE": 0.36174607168204564, "var": 0.0003583450086127688, "logSRE": 0.001985339105205189, "_timestamp": 1709216401.5786822, "_runtime": 1663.0063951015472, "_step": 33161, "_wandb": {"runtime": 1662}}