{"Loss": 883.4263305664062, "Log-Loss": 7121.5869140625, "SRE": 1099.2730065328954, "var": 3608.5983127877894, "logSRE": 0.041177476139577784, "_timestamp": 1709165524.2828116, "_runtime": 19.092759609222412, "_step": 91}