{"Loss": 0.3408372104167938, "Log-Loss": 1597.969970703125, "SRE": 0.834309920624582, "var": 0.0012206351501614528, "logSRE": 0.03530766727836621, "_timestamp": 1709212189.0483096, "_runtime": 937.7138996124268, "_step": 17949, "_wandb": {"runtime": 932}}