{"Log-Loss": 179.15171813964844, "SRE": 2.4753679920004572e+27, "var": 1597.8525453102725, "_timestamp": 1709231271.8257196, "_runtime": 145.66662859916687, "_step": 2870, "_wandb": {"runtime": 145}}