{"Log-Loss": 1.8801023960113525, "SRE": 4044831.3916899855, "var": 216.5061119530524, "_timestamp": 1709226760.7037892, "_runtime": 164.8314332962036, "_step": 3181, "_wandb": {"runtime": 164}}