{"Log-Loss": 2180.285400390625, "SRE": 5.546866618878282e+22, "var": 44486.2188189762, "_timestamp": 1709231046.6884203, "_runtime": 33.09411430358887, "_step": 627, "_wandb": {"runtime": 32}}