{"Loss": 0.00010018437023973092, "Log-Loss": 0.49720484018325806, "SRE": 0.11176071474871056, "var": 0.0017640314241367868, "logSRE": 0.0017235966936572018, "_timestamp": 1709162033.4458902, "_runtime": 6171.702753305435, "_step": 33676, "_wandb": {"runtime": 6171}}