{"Log-Loss": 5.05875825881958, "SRE": 0.549285883668235, "var": Infinity, "_timestamp": 1709228324.5182235, "_runtime": 528.0444204807281, "_step": 10493, "_wandb": {"runtime": 527}}