{"Loss": 0.10765255987644196, "Log-Loss": 149.2073974609375, "SRE": 1.5191059826010103, "var": 0.00027380624860204496, "logSRE": 0.005920583280363395, "_timestamp": 1709213331.4092917, "_runtime": 1078.992270708084, "_step": 21182}