{"Loss": 0.16165560483932495, "Log-Loss": 296.9917297363281, "SRE": 107.86280618496018, "var": 1.7240053078061808, "logSRE": 0.00978589791376249, "_timestamp": 1709171665.7597291, "_runtime": 2405.5781621932983, "_step": 16284}