{"Loss": 0.0021639708429574966, "Log-Loss": 4.223027229309082, "SRE": 11.189845128057607, "var": 0.00035375168319789005, "logSRE": 0.008215513325063184, "_timestamp": 1709203696.754925, "_runtime": 2297.1221449375153, "_step": 42052, "_wandb": {"runtime": 2296}}