{"Loss": 0.044867344200611115, "Log-Loss": 45.684234619140625, "SRE": 96.50467685013766, "var": 0.8562025027073255, "logSRE": 0.009127336291722198, "_timestamp": 1709208602.1904247, "_runtime": 756.5616517066956, "_step": 13779, "_wandb": {"runtime": 756}}