{"Loss": 5.2299957275390625, "Log-Loss": 1844.0400390625, "SRE": 33.05010501917814, "var": 1108.3878491213368, "logSRE": 0.03383577578371978, "_timestamp": 1709223451.7467463, "_runtime": 38.29529118537903, "_step": 735, "_wandb": {"runtime": 38}}