{"Log-Loss": 45.538326263427734, "SRE": 239.3228625637708, "var": 245.58020512524794, "_timestamp": 1709230906.6560433, "_runtime": 173.42132425308228, "_step": 3456, "_wandb": {"runtime": 173}}