{"Loss": 0.14008675515651703, "Log-Loss": 32995.375, "SRE": 0.32752966029987673, "var": 0.029543613492594874, "logSRE": 0.0056662421627715455, "_timestamp": 1709221332.61247, "_runtime": 190.39973187446594, "_step": 3738, "_wandb": {"runtime": 190}}