{"Loss": 0.8865519165992737, "SRE": 1.0114956669028836, "var": 6.018902161989245e-07, "_timestamp": 1709161600.042665, "_runtime": 4533.305499076843, "_step": 22257, "_wandb": {"runtime": 4533}}