{"Log-Loss": NaN, "SRE": 4062806.31143597, "var": 20372.565402698103, "_timestamp": 1709226257.330656, "_runtime": 54.2194550037384, "_step": 1064, "_wandb": {"runtime": 53}}