{"Loss": 0.31250980496406555, "Log-Loss": 671.311767578125, "SRE": 26.875983474416742, "var": 0.2321775749167984, "logSRE": 0.0066053225483545894, "_timestamp": 1709206079.2459264, "_runtime": 302.27058935165405, "_step": 5783, "_wandb": {"runtime": 301}}