{"Log-Loss": 953.4102783203125, "SRE": 1.2652934510341478e+51, "var": Infinity, "_timestamp": 1709227758.015995, "_runtime": 41.75357508659363, "_step": 781, "_wandb": {"runtime": 41}}