{"Loss": 0.18867318332195282, "Log-Loss": 349.6343078613281, "SRE": 938.7775995403933, "var": 0.12709110603436918, "logSRE": 0.038727835796215276, "_timestamp": 1709211215.8872683, "_runtime": 395.23131227493286, "_step": 7800, "_wandb": {"runtime": 394}}