{"Log-Loss": NaN, "SRE": 4089552.975408703, "var": 6722.395838345283, "_timestamp": 1709226574.7584786, "_runtime": 170.87224173545837, "_step": 3368, "_wandb": {"runtime": 170}}