{"Loss": 0.02899973653256893, "Log-Loss": 36.12623977661133, "SRE": 0.11668086959075304, "var": 0.0003099081190572335, "logSRE": 0.0020617877410552786, "_timestamp": 1709205263.2933826, "_runtime": 1693.8510737419128, "_step": 30207, "_wandb": {"runtime": 1693}}