{"Loss": 0.014799353666603565, "Log-Loss": 18.210603713989258, "SRE": 0.195799874084917, "var": 0.006142271152674126, "logSRE": 0.001902020167156735, "_timestamp": 1709221118.1332178, "_runtime": 689.2615277767181, "_step": 13343, "_wandb": {"runtime": 688}}