{"Log-Loss": 2.7519307136535645, "SRE": 0.44531013338831077, "var": 0.5134882766915411, "_timestamp": 1709230311.2718697, "_runtime": 1929.3390057086945, "_step": 38157}