{"Loss": 0.029798507690429688, "Log-Loss": 36.633052825927734, "SRE": 0.1429813767302487, "var": 0.003924972308387569, "logSRE": 0.002275660430368853, "_timestamp": 1709223810.4581697, "_runtime": 344.2186076641083, "_step": 6822, "_wandb": {"runtime": 343}}