{"Log-Loss": 1049.7049560546875, "SRE": 2964077.4144985885, "var": 0, "_timestamp": 1709226809.530536, "_runtime": 1.2767689228057861, "_step": 0, "_wandb": {"runtime": 0}}