{"Loss": 0.2557797431945801, "Log-Loss": 720.7940063476562, "SRE": 2.097776779224749, "var": 3.3399117607942695e-05, "logSRE": 0.0055227718304219605, "_timestamp": 1709165441.5199292, "_runtime": 6120.127231121063, "_step": 24214, "_wandb": {"runtime": 6119}}