{"Loss": 0.06299946457147598, "Log-Loss": 87.79611206054688, "SRE": 1204.029147561945, "var": 1.2997048766291548, "logSRE": 0.013504369964094338, "_timestamp": 1709222255.6411967, "_runtime": 222.49675965309143, "_step": 4336, "_wandb": {"runtime": 222}}