{"Loss": 0.059842005372047424, "Log-Loss": 113.20171356201172, "SRE": 0.13926771194707027, "var": 0.002744299127118919, "logSRE": 0.0023490281771967555, "_timestamp": 1709222542.0553062, "_runtime": 253.6342532634735, "_step": 5024, "_wandb": {"runtime": 253}}