{"Loss": 8969.2451171875, "Log-Loss": 29766.052734375, "SRE": 27479.305410743316, "var": 64.19668149874256, "logSRE": 0.3401378699132607, "_timestamp": 1709205674.7225316, "_runtime": 290.05705165863037, "_step": 5584, "_wandb": {"runtime": 289}}