{"Loss": 0.044075943529605865, "Log-Loss": 64.09149169921875, "SRE": 0.22003175193427266, "var": 0.01023833758487625, "logSRE": 0.0032391981824345505, "_timestamp": 1709223370.9077027, "_runtime": 488.5915696620941, "_step": 9430, "_wandb": {"runtime": 488}}