{"Loss": 0.03154512867331505, "Log-Loss": 14.51363468170166, "SRE": 0.2542933925791702, "var": 2.477778875376118e-06, "logSRE": 0.0017066854865087449, "_timestamp": 1709217531.74183, "_runtime": 1090.7875170707703, "_step": 21715, "_wandb": {"runtime": 1090}}