{"Loss": 0.024372367188334465, "Log-Loss": 31.97640609741211, "SRE": 0.16333677605938102, "var": 3.3911551140187357e-07, "logSRE": 0.002650327363259385, "_timestamp": 1709246346.29872, "_runtime": 8538.284531831741, "_step": 79999, "_wandb": {"runtime": 8537}}