{"Loss": 0.011764755472540855, "Log-Loss": 11.564151763916016, "SRE": 0.11407239057398808, "var": 6.097241451017429e-05, "logSRE": 0.0021337007320142718, "_timestamp": 1709210058.9131727, "_runtime": 1424.4158108234406, "_step": 27497, "_wandb": {"runtime": 1424}}