{"Log-Loss": 7.683887958526611, "SRE": 0.9158180062126681, "var": 12.945332075602417, "_timestamp": 1709227664.3733351, "_runtime": 368.43514609336853, "_step": 7364}