{"Loss": 80.09418487548828, "Log-Loss": 2912.4052734375, "SRE": 375.2588035490145, "var": 4.471932780888987, "logSRE": 0.029129891304198397, "_timestamp": 1709169207.93867, "_runtime": 271.555135011673, "_step": 1486, "_wandb": {"runtime": 271}}