{"Loss": 0.15199509263038635, "Log-Loss": 300.5231628417969, "SRE": 2.7695467195937686, "var": 0.4610143330685268, "logSRE": 0.0044778404138540884, "_timestamp": 1709155644.3047757, "_runtime": 1560.6650116443634, "_step": 12769, "_wandb": {"runtime": 1560}}