{"Loss": 0.001929640187881887, "Log-Loss": 4.6229658126831055, "SRE": 0.2675597373108992, "var": 0.0008349386241745487, "logSRE": 0.002972529711825274, "_timestamp": 1709207800.2722056, "_runtime": 1629.114238500595, "_step": 30977, "_wandb": {"runtime": 1628}}