{"Log-Loss": 1.271112084388733, "SRE": 4066871.7755752313, "var": 2.1290551078291435, "_timestamp": 1709227227.2731802, "_runtime": 329.8347852230072, "_step": 6572, "_wandb": {"runtime": 329}}