{"Loss": 0.13576984405517578, "Log-Loss": 136.64276123046875, "SRE": 0.21600606938806738, "var": 0.0005914389134028642, "logSRE": 0.0024561418129813335, "_timestamp": 1709165380.6457374, "_runtime": 3242.6859633922577, "_step": 14974, "_wandb": {"runtime": 3242}}