{"Loss": 0.14518004655838013, "Log-Loss": 135.3255615234375, "SRE": 0.2015864065853137, "var": 1.388418247134179e-05, "logSRE": 0.0032065195058482805, "_timestamp": 1709214686.0888627, "_runtime": 1021.6694357395172, "_step": 20119, "_wandb": {"runtime": 1021}}