{"Loss": 0.09307647496461868, "Log-Loss": 118.40875244140625, "SRE": 110.39464334351517, "var": 2.211597547236675, "logSRE": 0.006178879010406431, "_timestamp": 1709210646.532685, "_runtime": 516.2604200839996, "_step": 10142, "_wandb": {"runtime": 515}}