{"Loss": 0.8783310055732727, "SRE": 0.9999994345080951, "var": 2.344067193459284e-20, "_timestamp": 1709165420.4051456, "_runtime": 3766.8641905784607, "_step": 17284, "_wandb": {"runtime": 3766}}