{"Loss": 29.333839416503906, "Log-Loss": 1714.7713623046875, "SRE": 1366.2309470171438, "var": 7093.279468048692, "logSRE": 0.028486554355463416, "_timestamp": 1709223911.070185, "_runtime": 28.49050498008728, "_step": 543, "_wandb": {"runtime": 28}}